layout,systems_T,heuristic,repeat,status,cost,moves,nodes_expanded,time_s,error
tinyRepair,1,nullHeuristic,1,OK,24,24,148,0.0004639589999999999,
tinyRepair,1,nullHeuristic,2,OK,24,24,148,0.000432333,
tinyRepair,1,nullHeuristic,3,OK,24,24,148,0.0004595420000000003,
tinyRepair,1,nullHeuristic,4,OK,24,24,148,0.00043049999999999686,
tinyRepair,1,nullHeuristic,5,OK,24,24,148,0.00043820799999999896,
tinyRepair,1,manhattanHeuristic,1,OK,24,24,127,0.0004205420000000029,
tinyRepair,1,manhattanHeuristic,2,OK,24,24,127,0.0004133340000000013,
tinyRepair,1,manhattanHeuristic,3,OK,24,24,127,0.00041624999999999995,
tinyRepair,1,manhattanHeuristic,4,OK,24,24,127,0.00041320799999999824,
tinyRepair,1,manhattanHeuristic,5,OK,24,24,127,0.00041004199999999935,
tinyRepair,1,euclideanHeuristic,1,OK,24,24,129,0.00048225000000000004,
tinyRepair,1,euclideanHeuristic,2,OK,24,24,129,0.00045820799999999814,
tinyRepair,1,euclideanHeuristic,3,OK,24,24,129,0.0004624169999999997,
tinyRepair,1,euclideanHeuristic,4,OK,24,24,129,0.0004629170000000002,
tinyRepair,1,euclideanHeuristic,5,OK,24,24,129,0.00046279200000000006,
tinyRepair,1,systemRepairHeuristic,1,OK,24,24,66,0.0003442089999999981,
tinyRepair,1,systemRepairHeuristic,2,OK,24,24,66,0.000342791999999998,
tinyRepair,1,systemRepairHeuristic,3,OK,24,24,66,0.00034391699999999914,
tinyRepair,1,systemRepairHeuristic,4,OK,24,24,66,0.00033766699999999983,
tinyRepair,1,systemRepairHeuristic,5,OK,24,24,66,0.000341791000000001,
dualArray,2,nullHeuristic,1,OK,50,50,284,0.0008118750000000001,
dualArray,2,nullHeuristic,2,OK,50,50,284,0.0007740000000000004,
dualArray,2,nullHeuristic,3,OK,50,50,284,0.0007969999999999991,
dualArray,2,nullHeuristic,4,OK,50,50,284,0.0008287079999999974,
dualArray,2,nullHeuristic,5,OK,50,50,284,0.0007656249999999989,
dualArray,2,manhattanHeuristic,1,OK,50,50,263,0.0008819999999999974,
dualArray,2,manhattanHeuristic,2,OK,50,50,263,0.000837499999999998,
dualArray,2,manhattanHeuristic,3,OK,50,50,263,0.0008624169999999973,
dualArray,2,manhattanHeuristic,4,OK,50,50,263,0.0008452499999999988,
dualArray,2,manhattanHeuristic,5,OK,50,50,263,0.0008656249999999983,
dualArray,2,euclideanHeuristic,1,OK,50,50,263,0.0009580840000000014,
dualArray,2,euclideanHeuristic,2,OK,50,50,263,0.0009536250000000031,
dualArray,2,euclideanHeuristic,3,OK,50,50,263,0.0009790829999999986,
dualArray,2,euclideanHeuristic,4,OK,50,50,263,0.0009355839999999997,
dualArray,2,euclideanHeuristic,5,OK,50,50,263,0.0009583750000000009,
dualArray,2,systemRepairHeuristic,1,OK,50,50,242,0.0012331660000000008,
dualArray,2,systemRepairHeuristic,2,OK,50,50,242,0.0012000419999999984,
dualArray,2,systemRepairHeuristic,3,OK,50,50,242,0.0012130830000000002,
dualArray,2,systemRepairHeuristic,4,OK,50,50,242,0.0012378330000000007,
dualArray,2,systemRepairHeuristic,5,OK,50,50,242,0.0011680000000000024,
triadCorridor,3,nullHeuristic,1,OK,68,68,817,0.0023770840000000015,
triadCorridor,3,nullHeuristic,2,OK,68,68,817,0.0023491669999999992,
triadCorridor,3,nullHeuristic,3,OK,68,68,817,0.0023329170000000003,
triadCorridor,3,nullHeuristic,4,OK,68,68,817,0.0024364579999999955,
triadCorridor,3,nullHeuristic,5,OK,68,68,817,0.002409416000000001,
triadCorridor,3,manhattanHeuristic,1,OK,68,68,705,0.002362999999999997,
triadCorridor,3,manhattanHeuristic,2,OK,68,68,705,0.0023677079999999996,
triadCorridor,3,manhattanHeuristic,3,OK,68,68,705,0.0023884170000000003,
triadCorridor,3,manhattanHeuristic,4,OK,68,68,705,0.002453750000000001,
triadCorridor,3,manhattanHeuristic,5,OK,68,68,705,0.002374207999999999,
triadCorridor,3,euclideanHeuristic,1,OK,68,68,734,0.002853583,
triadCorridor,3,euclideanHeuristic,2,OK,68,68,734,0.0027917499999999956,
triadCorridor,3,euclideanHeuristic,3,OK,68,68,734,0.0028600000000000014,
triadCorridor,3,euclideanHeuristic,4,OK,68,68,734,0.002812167000000001,
triadCorridor,3,euclideanHeuristic,5,OK,68,68,734,0.0028755829999999975,
triadCorridor,3,systemRepairHeuristic,1,OK,68,68,528,0.003090458999999997,
triadCorridor,3,systemRepairHeuristic,2,OK,68,68,528,0.0031367500000000006,
triadCorridor,3,systemRepairHeuristic,3,OK,68,68,528,0.0031336249999999975,
triadCorridor,3,systemRepairHeuristic,4,OK,68,68,528,0.003120875000000002,
triadCorridor,3,systemRepairHeuristic,5,OK,68,68,528,0.0030742909999999964,
fourCornerArray,4,nullHeuristic,1,OK,78,78,2305,0.006756249999999998,
fourCornerArray,4,nullHeuristic,2,OK,78,78,2305,0.0067780420000000015,
fourCornerArray,4,nullHeuristic,3,OK,78,78,2305,0.006719790999999999,
fourCornerArray,4,nullHeuristic,4,OK,78,78,2305,0.006795000000000002,
fourCornerArray,4,nullHeuristic,5,OK,78,78,2305,0.006757541999999998,
fourCornerArray,4,manhattanHeuristic,1,OK,78,78,1972,0.007139958999999998,
fourCornerArray,4,manhattanHeuristic,2,OK,78,78,1972,0.006948417000000002,
fourCornerArray,4,manhattanHeuristic,3,OK,78,78,1972,0.006979250000000003,
fourCornerArray,4,manhattanHeuristic,4,OK,78,78,1972,0.007081957999999999,
fourCornerArray,4,manhattanHeuristic,5,OK,78,78,1972,0.006994792000000003,
fourCornerArray,4,euclideanHeuristic,1,OK,78,78,2053,0.008514666,
fourCornerArray,4,euclideanHeuristic,2,OK,78,78,2053,0.008559958,
fourCornerArray,4,euclideanHeuristic,3,OK,78,78,2053,0.008631499999999997,
fourCornerArray,4,euclideanHeuristic,4,OK,78,78,2053,0.008469458,
fourCornerArray,4,euclideanHeuristic,5,OK,78,78,2053,0.008537083,
fourCornerArray,4,systemRepairHeuristic,1,OK,78,78,1008,0.007184125000000003,
fourCornerArray,4,systemRepairHeuristic,2,OK,78,78,1008,0.007197457999999997,
fourCornerArray,4,systemRepairHeuristic,3,OK,78,78,1008,0.007322042000000004,
fourCornerArray,4,systemRepairHeuristic,4,OK,78,78,1008,0.007144958999999996,
fourCornerArray,4,systemRepairHeuristic,5,OK,78,78,1008,0.007158207999999999,
sixBayDeck,6,nullHeuristic,1,OK,114,114,14473,0.047734542000000005,
sixBayDeck,6,nullHeuristic,2,OK,114,114,14473,0.047327999999999995,
sixBayDeck,6,nullHeuristic,3,OK,114,114,14473,0.048489041000000004,
sixBayDeck,6,nullHeuristic,4,OK,114,114,14473,0.047095415999999994,
sixBayDeck,6,nullHeuristic,5,OK,114,114,14473,0.047751541999999994,
sixBayDeck,6,manhattanHeuristic,1,OK,114,114,13220,0.052993833000000004,
sixBayDeck,6,manhattanHeuristic,2,OK,114,114,13220,0.05411120800000001,
sixBayDeck,6,manhattanHeuristic,3,OK,114,114,13220,0.053120625,
sixBayDeck,6,manhattanHeuristic,4,OK,114,114,13220,0.053078625000000004,
sixBayDeck,6,manhattanHeuristic,5,OK,114,114,13220,0.052751958,
sixBayDeck,6,euclideanHeuristic,1,OK,114,114,13472,0.065894833,
sixBayDeck,6,euclideanHeuristic,2,OK,114,114,13472,0.066671667,
sixBayDeck,6,euclideanHeuristic,3,OK,114,114,13472,0.06572483300000001,
sixBayDeck,6,euclideanHeuristic,4,OK,114,114,13472,0.066846292,
sixBayDeck,6,euclideanHeuristic,5,OK,114,114,13472,0.068202708,
sixBayDeck,6,systemRepairHeuristic,1,OK,114,114,4872,0.051508875,
sixBayDeck,6,systemRepairHeuristic,2,OK,114,114,4872,0.051496334000000005,
sixBayDeck,6,systemRepairHeuristic,3,OK,114,114,4872,0.051975125,
sixBayDeck,6,systemRepairHeuristic,4,OK,114,114,4872,0.052730042000000005,
sixBayDeck,6,systemRepairHeuristic,5,OK,114,114,4872,0.051201084,
sevenNodeRing,7,nullHeuristic,1,OK,127,127,37249,0.131442166,
sevenNodeRing,7,nullHeuristic,2,OK,127,127,37249,0.13399108299999998,
sevenNodeRing,7,nullHeuristic,3,OK,127,127,37249,0.132065417,
sevenNodeRing,7,nullHeuristic,4,OK,127,127,37249,0.13052879199999998,
sevenNodeRing,7,nullHeuristic,5,OK,127,127,37249,0.1305855,
sevenNodeRing,7,manhattanHeuristic,1,OK,127,127,35252,0.15176425,
sevenNodeRing,7,manhattanHeuristic,2,OK,127,127,35252,0.151027625,
sevenNodeRing,7,manhattanHeuristic,3,OK,127,127,35252,0.15355074999999999,
sevenNodeRing,7,manhattanHeuristic,4,OK,127,127,35252,0.14928475,
sevenNodeRing,7,manhattanHeuristic,5,OK,127,127,35252,0.150988708,
sevenNodeRing,7,euclideanHeuristic,1,OK,127,127,35638,0.192946333,
sevenNodeRing,7,euclideanHeuristic,2,OK,127,127,35638,0.194829792,
sevenNodeRing,7,euclideanHeuristic,3,OK,127,127,35638,0.192987208,
sevenNodeRing,7,euclideanHeuristic,4,OK,127,127,35638,0.193767417,
sevenNodeRing,7,euclideanHeuristic,5,OK,127,127,35638,0.191991,
sevenNodeRing,7,systemRepairHeuristic,1,OK,127,127,13343,0.163625959,
sevenNodeRing,7,systemRepairHeuristic,2,OK,127,127,13343,0.163538083,
sevenNodeRing,7,systemRepairHeuristic,3,OK,127,127,13343,0.16599025,
sevenNodeRing,7,systemRepairHeuristic,4,OK,127,127,13343,0.16361745900000002,
sevenNodeRing,7,systemRepairHeuristic,5,OK,127,127,13343,0.164340583,
nineBlockGrid,9,nullHeuristic,1,OK,162,162,190992,0.781293458,
nineBlockGrid,9,nullHeuristic,2,OK,162,162,190992,0.793609375,
nineBlockGrid,9,nullHeuristic,3,OK,162,162,190992,0.781897375,
nineBlockGrid,9,nullHeuristic,4,OK,162,162,190992,0.78464425,
nineBlockGrid,9,nullHeuristic,5,OK,162,162,190992,0.777277334,
nineBlockGrid,9,manhattanHeuristic,1,OK,162,162,185546,0.9819267500000001,
nineBlockGrid,9,manhattanHeuristic,2,OK,162,162,185546,0.9828455,
nineBlockGrid,9,manhattanHeuristic,3,OK,162,162,185546,0.9724719169999999,
nineBlockGrid,9,manhattanHeuristic,4,OK,162,162,185546,0.949655375,
nineBlockGrid,9,manhattanHeuristic,5,OK,162,162,185546,0.956865125,
nineBlockGrid,9,euclideanHeuristic,1,OK,162,162,186937,1.208429,
nineBlockGrid,9,euclideanHeuristic,2,OK,162,162,186937,1.202791625,
nineBlockGrid,9,euclideanHeuristic,3,OK,162,162,186937,1.197177792,
nineBlockGrid,9,euclideanHeuristic,4,OK,162,162,186937,1.2089509999999999,
nineBlockGrid,9,euclideanHeuristic,5,OK,162,162,186937,1.2081305,
nineBlockGrid,9,systemRepairHeuristic,1,OK,162,162,62488,1.121433292,
nineBlockGrid,9,systemRepairHeuristic,2,OK,162,162,62488,1.122238334,
nineBlockGrid,9,systemRepairHeuristic,3,OK,162,162,62488,1.1173509579999998,
nineBlockGrid,9,systemRepairHeuristic,4,OK,162,162,62488,1.115593208,
nineBlockGrid,9,systemRepairHeuristic,5,OK,162,162,62488,1.1168390419999998,
